trip_id,customer_id,driver_id,pickup_zone,drop_zone,pickup_datetime,drop_datetime,trip_distance,passenger_count
1,145,13,20,16,2024-04-09 22:26:00,2024-04-09 22:31:00,16.82,3
2,59,91,8,7,2024-10-09 10:31:00,2024-10-09 11:27:00,12.8,2
3,232,11,10,15,2024-08-16 17:42:00,2024-08-16 17:53:00,1.63,3
4,24,76,11,14,2024-09-23 15:27:00,2024-09-23 15:40:00,4.34,2
5,225,94,17,17,2024-10-13 08:39:00,2024-10-13 09:18:00,18.36,2
6,242,124,10,11,2024-04-03 13:26:00,2024-04-03 14:23:00,16.28,4
7,194,58,13,18,2024-01-28 09:58:00,2024-01-28 10:12:00,7.95,4
8,138,32,15,12,2024-01-06 01:37:00,2024-01-06 01:58:00,13.78,3
9,211,96,4,8,2024-07-31 19:57:00,2024-07-31 20:26:00,9.96,3
10,57,17,15,10,2024-11-29 05:37:00,2024-11-29 06:21:00,13.34,1
11,243,10,10,16,2024-02-20 21:23:00,2024-02-20 21:30:00,3.21,2
12,35,100,15,12,2024-11-19 00:59:00,2024-11-19 01:38:00,13.74,4
13,187,40,14,4,2024-08-01 20:15:00,2024-08-01 21:07:00,16.84,4
14,9,95,7,15,2024-12-07 21:34:00,2024-12-07 21:56:00,9.45,2
15,26,95,18,12,2024-11-07 11:02:00,2024-11-07 11:30:00,2.15,3
16,243,117,3,7,2024-03-10 02:34:00,2024-03-10 02:46:00,13.19,1
17,86,63,5,19,2024-01-19 09:57:00,2024-01-19 10:52:00,4.9,2
18,209,60,11,5,2024-08-01 11:53:00,2024-08-01 12:11:00,15.98,1
19,38,34,18,9,2024-04-10 22:51:00,2024-04-10 23:50:00,16.17,1
20,7,34,1,12,2024-08-28 16:24:00,2024-08-28 17:24:00,16.01,2
21,5,45,9,2,2024-08-02 09:28:00,2024-08-02 09:53:00,3.41,4
22,191,17,16,15,2024-07-10 13:00:00,2024-07-10 13:12:00,15.78,1
23,57,12,17,10,2024-06-13 13:41:00,2024-06-13 14:18:00,9.7,1
24,217,103,14,4,2024-01-23 03:30:00,2024-01-23 04:05:00,10.32,4
25,83,38,3,5,2024-01-27 18:10:00,2024-01-27 18:20:00,6.23,3
26,136,76,15,17,2024-05-18 16:23:00,2024-05-18 17:06:00,12.5,1
27,30,142,7,14,2024-10-15 18:10:00,2024-10-15 18:59:00,9.58,2
28,212,117,13,14,2024-05-30 15:57:00,2024-05-30 16:23:00,14.86,3
29,171,66,12,5,2024-06-04 09:07:00,2024-06-04 09:32:00,14.05,4
30,213,22,3,14,2024-01-25 10:37:00,2024-01-25 10:47:00,2.83,3
31,143,16,19,18,2024-10-22 13:20:00,2024-10-22 13:33:00,11.67,1
32,224,109,2,10,2024-05-29 13:42:00,2024-05-29 14:09:00,12.41,3
33,130,55,5,16,2024-02-07 17:16:00,2024-02-07 17:57:00,5.26,1
34,143,95,4,9,2024-05-07 11:20:00,2024-05-07 12:19:00,11.91,4
35,250,143,1,20,2024-11-03 17:04:00,2024-11-03 17:44:00,18.65,3
36,70,80,11,12,2024-01-11 12:59:00,2024-01-11 13:15:00,1.12,2
37,103,18,5,1,2024-07-25 04:35:00,2024-07-25 05:22:00,2.74,2
38,117,88,6,12,2024-05-16 23:14:00,2024-05-16 23:45:00,6.92,3
39,153,22,2,5,2024-10-09 20:05:00,2024-10-09 20:46:00,3.99,1
40,70,114,14,16,2024-09-02 09:13:00,2024-09-02 09:23:00,12.53,4
41,194,132,4,12,2024-04-09 10:58:00,2024-04-09 11:16:00,9.17,3
42,152,125,17,10,2024-09-03 22:21:00,2024-09-03 23:09:00,1.86,4
43,2,53,10,7,2024-08-06 04:58:00,2024-08-06 05:06:00,15.58,3
44,31,2,16,14,2024-04-15 09:13:00,2024-04-15 09:38:00,4.34,4
45,59,129,18,12,2024-07-12 21:46:00,2024-07-12 22:36:00,2.37,1
46,118,20,11,19,2024-06-07 19:44:00,2024-06-07 19:50:00,9.16,4
47,107,75,4,13,2024-09-15 07:41:00,2024-09-15 08:26:00,1.4,3
48,243,118,12,3,2024-03-03 13:51:00,2024-03-03 14:47:00,9.3,1
49,151,103,17,3,2024-03-29 14:07:00,2024-03-29 14:39:00,8.52,3
50,57,86,6,3,2024-09-28 12:56:00,2024-09-28 13:22:00,10.7,1
51,50,90,12,5,2024-07-12 04:29:00,2024-07-12 05:06:00,5.49,2
52,45,40,3,6,2024-04-03 04:41:00,2024-04-03 04:58:00,19.07,4
53,145,149,15,19,2024-06-17 22:05:00,2024-06-17 22:58:00,13.22,3
54,81,39,15,3,2024-11-10 15:54:00,2024-11-10 16:39:00,9.91,3
55,152,15,12,17,2024-10-16 22:26:00,2024-10-16 22:48:00,2.41,4
56,15,95,10,3,2024-06-13 12:53:00,2024-06-13 13:00:00,13.25,1
57,130,99,15,19,2024-08-11 22:01:00,2024-08-11 22:44:00,11.53,1
58,147,49,11,20,2024-06-12 17:49:00,2024-06-12 18:45:00,10.04,2
59,27,88,3,17,2024-01-23 12:39:00,2024-01-23 13:12:00,13.28,1
60,113,113,17,17,2024-03-31 04:49:00,2024-03-31 05:39:00,12.59,3
61,100,105,11,20,2024-05-15 18:01:00,2024-05-15 18:24:00,1.99,3
62,25,143,13,10,2024-01-24 23:56:00,2024-01-25 00:22:00,5.79,2
63,150,37,12,10,2024-05-01 08:57:00,2024-05-01 09:07:00,19.39,4
64,182,22,10,18,2024-02-16 22:47:00,2024-02-16 23:30:00,8.16,3
65,172,135,3,14,2024-10-23 01:43:00,2024-10-23 01:56:00,10.66,1
66,47,55,11,16,2024-05-12 00:25:00,2024-05-12 00:49:00,4.65,2
67,76,26,17,18,2024-02-26 09:55:00,2024-02-26 10:04:00,16.87,1
68,225,34,20,13,2024-08-29 00:01:00,2024-08-29 00:27:00,3.93,2
69,198,43,15,2,2024-10-29 16:24:00,2024-10-29 17:13:00,8.81,2
70,73,115,8,18,2024-06-10 17:28:00,2024-06-10 18:12:00,5.54,4
71,50,95,19,15,2024-11-25 03:02:00,2024-11-25 04:00:00,9.77,3
72,129,136,14,6,2024-10-10 07:21:00,2024-10-10 07:50:00,16.52,2
73,14,124,12,18,2024-11-13 20:24:00,2024-11-13 20:45:00,18.75,1
74,196,42,9,15,2024-04-13 18:55:00,2024-04-13 19:05:00,18.2,2
75,24,57,15,12,2024-10-29 13:47:00,2024-10-29 14:19:00,18.68,4
76,129,96,8,13,2024-01-20 09:21:00,2024-01-20 09:51:00,19.9,3
77,82,26,11,5,2024-03-22 18:02:00,2024-03-22 18:08:00,3.61,3
78,121,36,16,15,2024-11-30 00:19:00,2024-11-30 01:17:00,12.69,1
79,56,39,18,20,2024-01-07 22:03:00,2024-01-07 22:24:00,11.03,1
80,61,78,4,2,2024-10-09 14:17:00,2024-10-09 14:40:00,5.53,4
81,215,128,20,18,2024-01-23 20:49:00,2024-01-23 21:01:00,1.31,2
82,75,110,1,20,2024-09-18 14:44:00,2024-09-18 14:58:00,7.7,4
83,172,22,17,12,2024-03-09 04:46:00,2024-03-09 05:33:00,2.29,1
84,121,12,13,12,2024-05-22 03:50:00,2024-05-22 04:50:00,5.82,1
85,18,89,8,4,2024-05-10 00:20:00,2024-05-10 01:15:00,15.66,3
86,91,140,11,6,2024-02-18 13:45:00,2024-02-18 13:52:00,16.78,4
87,162,47,5,3,2024-09-10 04:24:00,2024-09-10 04:59:00,14.6,4
88,52,12,7,2,2024-01-14 11:10:00,2024-01-14 11:33:00,7.0,3
89,209,140,16,9,2024-07-06 15:29:00,2024-07-06 15:59:00,1.7,2
90,221,13,11,9,2024-04-14 04:04:00,2024-04-14 04:31:00,3.37,3
91,191,113,13,11,2024-06-08 02:08:00,2024-06-08 02:38:00,19.5,4
92,95,133,9,3,2024-09-08 23:23:00,2024-09-08 23:59:00,14.81,1
93,211,47,18,10,2024-06-05 18:42:00,2024-06-05 19:25:00,7.1,1
94,76,79,15,20,2024-04-29 09:24:00,2024-04-29 10:11:00,14.64,2
95,90,115,2,12,2024-09-08 03:15:00,2024-09-08 03:48:00,12.68,4
96,203,15,3,13,2024-04-09 23:06:00,2024-04-09 23:51:00,7.9,2
97,37,113,2,5,2024-12-12 21:36:00,2024-12-12 21:42:00,2.28,3
98,244,146,2,20,2024-05-11 20:31:00,2024-05-11 21:00:00,3.92,4
99,96,114,3,19,2024-12-11 10:56:00,2024-12-11 11:24:00,3.62,3
100,167,72,8,4,2024-05-24 22:04:00,2024-05-24 22:29:00,1.49,2
101,100,144,4,9,2024-06-30 16:42:00,2024-06-30 17:20:00,15.72,4
102,74,126,7,4,2024-03-19 02:56:00,2024-03-19 03:40:00,3.58,1
103,231,114,3,11,2024-06-13 14:00:00,2024-06-13 14:16:00,13.69,1
104,75,77,6,6,2024-07-19 05:56:00,2024-07-19 06:35:00,16.08,2
105,203,36,8,16,2024-02-14 04:28:00,2024-02-14 04:45:00,1.5,3
106,142,34,20,3,2024-06-19 04:15:00,2024-06-19 05:11:00,2.25,4
107,123,135,14,14,2024-09-18 00:39:00,2024-09-18 01:30:00,16.64,1
108,165,19,15,15,2024-02-15 15:07:00,2024-02-15 15:32:00,13.92,3
109,200,142,19,6,2024-02-16 17:24:00,2024-02-16 18:22:00,15.59,2
110,234,15,4,17,2024-06-06 12:16:00,2024-06-06 12:53:00,3.91,2
111,240,58,12,17,2024-02-28 23:17:00,2024-02-28 23:42:00,18.0,1
112,163,142,9,5,2024-04-01 05:49:00,2024-04-01 06:06:00,12.88,1
113,44,149,5,6,2024-07-01 23:33:00,2024-07-02 00:19:00,13.52,3
114,11,8,3,2,2024-11-02 18:08:00,2024-11-02 18:49:00,19.02,3
115,197,147,14,20,2024-08-25 01:39:00,2024-08-25 01:57:00,13.14,4
116,140,75,10,16,2024-11-19 16:10:00,2024-11-19 16:55:00,5.65,4
117,19,16,6,15,2024-04-18 07:01:00,2024-04-18 07:35:00,8.9,4
118,156,37,11,11,2024-03-15 06:46:00,2024-03-15 07:12:00,14.95,3
119,195,95,17,18,2024-05-25 04:02:00,2024-05-25 04:15:00,3.02,2
120,69,116,8,5,2024-06-18 20:05:00,2024-06-18 20:17:00,2.84,3
121,222,108,8,6,2024-12-10 04:53:00,2024-12-10 05:22:00,16.46,3
122,41,128,17,15,2024-03-10 02:47:00,2024-03-10 03:40:00,10.48,3
123,24,101,17,15,2024-06-30 02:05:00,2024-06-30 02:11:00,19.37,2
124,13,13,10,16,2024-07-31 09:20:00,2024-07-31 09:47:00,12.35,4
125,3,28,14,5,2024-04-14 00:54:00,2024-04-14 01:33:00,17.77,3
126,94,12,13,2,2024-10-05 02:40:00,2024-10-05 03:10:00,11.84,2
127,74,19,13,17,2024-05-11 23:46:00,2024-05-12 00:26:00,9.56,3
128,175,31,5,4,2024-10-27 11:40:00,2024-10-27 12:24:00,8.48,3
129,194,37,7,20,2024-07-22 02:24:00,2024-07-22 02:52:00,10.67,1
130,36,86,16,17,2024-01-17 11:52:00,2024-01-17 11:59:00,9.68,2
131,82,42,13,20,2024-04-29 09:48:00,2024-04-29 10:32:00,15.05,3
132,130,131,18,16,2024-08-04 04:02:00,2024-08-04 04:28:00,14.47,3
133,5,95,11,4,2024-06-21 21:40:00,2024-06-21 22:37:00,19.62,3
134,224,7,20,16,2024-10-17 02:08:00,2024-10-17 02:59:00,6.05,2
135,150,123,6,17,2024-09-19 15:41:00,2024-09-19 15:49:00,12.95,4
136,175,63,2,19,2024-02-23 19:17:00,2024-02-23 20:14:00,19.02,1
137,113,81,14,5,2024-03-10 11:05:00,2024-03-10 11:11:00,8.85,2
138,199,121,2,5,2024-05-29 09:55:00,2024-05-29 10:32:00,10.85,3
139,135,97,11,6,2024-08-29 02:37:00,2024-08-29 03:12:00,9.73,3
140,174,68,20,16,2024-07-17 21:24:00,2024-07-17 21:51:00,4.65,2
141,77,58,10,10,2024-04-11 13:59:00,2024-04-11 14:39:00,14.39,4
142,90,144,9,10,2024-04-25 10:20:00,2024-04-25 10:55:00,3.32,4
143,210,89,5,10,2024-11-22 03:16:00,2024-11-22 03:46:00,1.8,1
144,168,66,16,7,2024-05-06 02:34:00,2024-05-06 03:07:00,4.84,3
145,179,70,5,4,2024-12-05 16:53:00,2024-12-05 17:33:00,12.7,2
146,172,136,8,8,2024-03-29 06:37:00,2024-03-29 06:45:00,2.0,4
147,121,26,5,1,2024-04-30 06:08:00,2024-04-30 06:58:00,19.33,2
148,240,122,16,7,2024-05-28 03:36:00,2024-05-28 04:22:00,15.36,3
149,166,16,3,19,2024-04-26 22:24:00,2024-04-26 22:47:00,5.41,1
150,107,46,2,13,2024-11-28 11:55:00,2024-11-28 12:11:00,15.97,2
151,247,75,2,1,2024-12-07 00:12:00,2024-12-07 01:04:00,6.67,1
152,73,117,18,17,2024-12-04 00:57:00,2024-12-04 01:23:00,10.38,2
153,120,70,7,4,2024-11-05 20:40:00,2024-11-05 21:17:00,7.28,4
154,184,48,1,11,2024-08-24 00:48:00,2024-08-24 01:09:00,16.02,2
155,220,104,14,17,2024-03-04 21:29:00,2024-03-04 22:13:00,7.23,4
156,48,36,16,11,2024-08-31 16:02:00,2024-08-31 16:13:00,18.78,1
157,61,115,9,11,2024-04-04 22:46:00,2024-04-04 23:15:00,6.74,1
158,93,61,2,4,2024-04-05 05:29:00,2024-04-05 06:15:00,9.84,2
159,129,80,4,10,2024-05-27 14:35:00,2024-05-27 15:23:00,7.98,2
160,123,40,15,20,2024-03-20 18:46:00,2024-03-20 18:59:00,8.1,4
161,206,56,8,20,2024-10-02 17:49:00,2024-10-02 18:28:00,17.59,1
162,136,93,3,19,2024-07-10 07:56:00,2024-07-10 08:29:00,3.13,2
163,39,43,11,17,2024-07-27 12:20:00,2024-07-27 12:59:00,9.39,2
164,126,24,17,15,2024-09-18 00:31:00,2024-09-18 01:13:00,16.37,4
165,107,117,19,2,2024-02-18 00:56:00,2024-02-18 01:33:00,11.62,3
166,102,66,1,7,2024-09-20 08:07:00,2024-09-20 08:13:00,11.99,1
167,180,17,18,2,2024-06-03 06:19:00,2024-06-03 06:46:00,18.76,1
168,9,74,14,6,2024-12-05 23:27:00,2024-12-06 00:02:00,15.61,4
169,115,97,13,3,2024-05-16 08:05:00,2024-05-16 08:34:00,13.97,2
170,90,31,6,18,2024-08-25 22:40:00,2024-08-25 23:40:00,8.47,2
171,214,1,1,10,2024-09-22 00:07:00,2024-09-22 00:26:00,9.8,4
172,211,59,8,15,2024-07-12 16:06:00,2024-07-12 16:35:00,7.58,3
173,196,29,2,14,2024-03-09 14:58:00,2024-03-09 15:49:00,12.68,1
174,18,26,20,2,2024-03-28 14:58:00,2024-03-28 15:16:00,9.48,1
175,12,103,15,8,2024-03-30 02:31:00,2024-03-30 03:23:00,11.26,1
176,75,60,19,11,2024-02-21 00:31:00,2024-02-21 01:08:00,11.97,3
177,225,37,17,8,2024-03-27 06:05:00,2024-03-27 06:29:00,8.86,3
178,243,45,14,18,2024-01-23 04:39:00,2024-01-23 05:19:00,10.42,3
179,172,98,17,11,2024-12-08 19:42:00,2024-12-08 20:28:00,14.23,4
180,97,48,18,16,2024-02-24 07:53:00,2024-02-24 08:17:00,5.58,2
181,182,37,15,2,2024-04-19 11:52:00,2024-04-19 12:51:00,11.69,4
182,35,100,8,9,2024-07-21 21:38:00,2024-07-21 22:16:00,4.86,1
183,217,95,3,18,2024-12-01 18:32:00,2024-12-01 19:05:00,14.77,2
184,97,11,3,7,2024-01-19 18:20:00,2024-01-19 18:42:00,16.29,2
185,223,86,10,1,2024-06-23 13:00:00,2024-06-23 13:18:00,5.02,2
186,192,123,8,20,2024-09-26 23:06:00,2024-09-26 23:18:00,14.37,4
187,142,83,10,13,2024-11-29 04:29:00,2024-11-29 04:49:00,9.86,3
188,93,132,16,15,2024-04-22 07:02:00,2024-04-22 07:23:00,2.87,4
189,82,53,12,11,2024-10-04 07:12:00,2024-10-04 08:10:00,8.86,2
190,5,67,18,19,2024-09-26 21:09:00,2024-09-26 21:23:00,12.0,4
191,51,85,8,13,2024-04-17 11:25:00,2024-04-17 11:39:00,11.83,2
192,168,87,9,16,2024-06-30 18:57:00,2024-06-30 19:37:00,19.36,4
193,188,91,6,5,2024-06-16 18:47:00,2024-06-16 19:02:00,14.69,4
194,165,16,17,2,2024-03-08 00:14:00,2024-03-08 00:53:00,16.94,1
195,172,13,1,14,2024-12-10 03:10:00,2024-12-10 04:07:00,3.61,2
196,39,3,7,17,2024-01-25 17:54:00,2024-01-25 18:44:00,9.66,1
197,171,124,16,1,2024-08-12 22:43:00,2024-08-12 23:28:00,1.13,4
198,136,71,18,10,2024-01-05 07:33:00,2024-01-05 07:39:00,1.33,4
199,28,25,17,5,2024-10-20 12:24:00,2024-10-20 12:40:00,5.58,3
200,69,102,3,12,2024-10-23 19:27:00,2024-10-23 19:54:00,19.23,4
201,179,58,10,3,2024-07-24 17:03:00,2024-07-24 17:23:00,13.42,1
202,98,97,18,16,2024-02-04 01:01:00,2024-02-04 01:31:00,2.07,1
203,22,128,14,11,2024-09-12 21:33:00,2024-09-12 21:48:00,11.75,1
204,236,11,8,7,2024-11-21 18:48:00,2024-11-21 19:26:00,18.12,4
205,237,20,9,18,2024-04-08 16:51:00,2024-04-08 16:58:00,11.71,1
206,81,5,7,19,2024-03-06 07:13:00,2024-03-06 08:12:00,3.74,4
207,77,42,19,8,2024-12-04 04:37:00,2024-12-04 04:46:00,11.77,4
208,85,99,5,3,2024-09-03 12:01:00,2024-09-03 12:40:00,10.52,3
209,112,60,3,11,2024-01-20 13:12:00,2024-01-20 13:23:00,12.5,4
210,8,70,15,16,2024-10-08 15:25:00,2024-10-08 15:50:00,5.33,4
211,175,150,13,3,2024-06-06 05:32:00,2024-06-06 05:48:00,15.67,3
212,183,19,3,9,2024-10-17 13:30:00,2024-10-17 13:50:00,3.93,2
213,82,93,4,3,2024-09-26 07:12:00,2024-09-26 07:41:00,1.1,3
214,195,70,4,5,2024-06-10 22:09:00,2024-06-10 22:37:00,2.66,4
215,143,132,14,4,2024-06-12 10:03:00,2024-06-12 10:43:00,1.5,3
216,153,84,13,1,2024-07-20 18:50:00,2024-07-20 19:00:00,6.55,4
217,186,144,8,19,2024-10-10 16:29:00,2024-10-10 16:39:00,10.9,4
218,69,78,9,16,2024-03-02 17:07:00,2024-03-02 17:20:00,3.77,2
219,108,77,16,3,2024-06-07 06:15:00,2024-06-07 06:37:00,7.86,2
220,127,51,15,4,2024-09-19 11:18:00,2024-09-19 12:03:00,3.57,1
221,86,98,11,15,2024-12-11 10:56:00,2024-12-11 11:26:00,7.36,2
222,155,52,16,11,2024-04-19 09:14:00,2024-04-19 09:39:00,4.38,4
223,189,126,19,8,2024-04-26 04:40:00,2024-04-26 05:03:00,7.19,3
224,101,94,4,19,2024-10-24 06:38:00,2024-10-24 07:33:00,4.8,2
225,141,7,15,7,2024-09-05 04:53:00,2024-09-05 05:47:00,9.33,3
226,18,105,16,5,2024-10-29 15:51:00,2024-10-29 16:40:00,13.03,2
227,40,109,13,3,2024-04-01 23:57:00,2024-04-02 00:44:00,9.53,4
228,137,130,14,18,2024-07-30 23:43:00,2024-07-31 00:13:00,1.7,3
229,138,22,4,8,2024-09-12 10:58:00,2024-09-12 11:54:00,13.49,3
230,157,12,19,13,2024-03-01 13:29:00,2024-03-01 14:15:00,19.37,3
231,28,3,4,9,2024-10-16 21:34:00,2024-10-16 22:06:00,5.22,2
232,101,119,19,17,2024-06-11 07:16:00,2024-06-11 07:44:00,3.86,1
233,76,107,3,4,2024-06-24 18:31:00,2024-06-24 18:42:00,16.8,2
234,88,117,7,17,2024-05-06 19:44:00,2024-05-06 20:08:00,10.18,4
235,185,116,11,3,2024-02-05 13:02:00,2024-02-05 13:35:00,6.71,1
236,88,28,6,8,2024-01-09 05:21:00,2024-01-09 06:20:00,10.8,2
237,110,119,8,13,2024-04-30 12:13:00,2024-04-30 12:53:00,12.97,2
238,111,102,1,20,2024-08-21 04:35:00,2024-08-21 05:22:00,17.78,4
239,100,2,7,7,2024-08-03 14:45:00,2024-08-03 15:17:00,6.29,1
240,205,138,6,12,2024-07-29 04:56:00,2024-07-29 05:07:00,7.19,4
241,172,126,17,11,2024-02-11 11:45:00,2024-02-11 12:06:00,12.34,4
242,90,91,15,20,2024-08-01 17:19:00,2024-08-01 17:31:00,4.28,3
243,152,22,5,11,2024-11-30 11:34:00,2024-11-30 12:18:00,3.24,3
244,96,37,17,13,2024-02-12 13:54:00,2024-02-12 14:10:00,8.95,2
245,109,48,16,18,2024-07-28 06:43:00,2024-07-28 07:12:00,14.18,2
246,126,74,5,6,2024-07-21 00:54:00,2024-07-21 01:09:00,6.98,4
247,222,92,1,16,2024-08-13 12:29:00,2024-08-13 12:37:00,3.59,4
248,168,127,14,16,2024-07-23 11:10:00,2024-07-23 11:47:00,8.9,4
249,22,145,1,8,2024-06-26 22:19:00,2024-06-26 22:34:00,6.55,3
250,74,44,15,19,2024-03-22 20:42:00,2024-03-22 21:21:00,15.11,4
251,29,147,4,9,2024-07-19 03:34:00,2024-07-19 04:11:00,15.73,3
252,194,11,15,18,2024-07-16 08:26:00,2024-07-16 09:23:00,5.15,4
253,213,64,10,2,2024-02-07 06:55:00,2024-02-07 07:47:00,9.54,3
254,23,113,4,8,2024-11-09 22:00:00,2024-11-09 22:57:00,4.99,3
255,157,110,6,20,2024-11-09 11:57:00,2024-11-09 12:47:00,3.65,2
256,207,16,19,12,2024-10-23 04:43:00,2024-10-23 05:01:00,11.11,2
257,75,75,19,9,2024-04-27 20:07:00,2024-04-27 20:57:00,19.1,1
258,202,106,2,9,2024-02-19 08:47:00,2024-02-19 09:40:00,17.47,2
259,34,64,5,11,2024-09-12 09:09:00,2024-09-12 10:09:00,16.74,4
260,148,69,14,13,2024-06-27 04:57:00,2024-06-27 05:11:00,9.59,1
261,192,72,12,15,2024-05-26 16:09:00,2024-05-26 16:46:00,19.05,3
262,223,24,15,12,2024-07-30 21:12:00,2024-07-30 21:17:00,17.15,4
263,212,55,16,9,2024-03-20 07:25:00,2024-03-20 07:57:00,7.13,3
264,148,34,19,16,2024-05-02 23:20:00,2024-05-03 00:00:00,15.98,1
265,161,118,1,4,2024-01-17 17:27:00,2024-01-17 17:38:00,18.66,2
266,1,110,7,5,2024-06-09 16:00:00,2024-06-09 16:34:00,17.76,3
267,239,71,3,12,2024-02-27 21:09:00,2024-02-27 22:09:00,5.76,3
268,43,14,13,10,2024-08-29 22:33:00,2024-08-29 23:19:00,14.79,2
269,24,25,1,7,2024-06-05 06:40:00,2024-06-05 07:26:00,10.06,2
270,133,114,1,1,2024-08-04 03:39:00,2024-08-04 03:58:00,14.22,1
271,178,34,16,3,2024-11-09 05:46:00,2024-11-09 06:18:00,5.35,1
272,27,27,11,12,2024-09-23 01:30:00,2024-09-23 02:26:00,17.74,2
273,209,35,5,3,2024-05-19 08:16:00,2024-05-19 09:10:00,11.08,1
274,43,113,12,7,2024-08-10 05:03:00,2024-08-10 05:49:00,12.93,2
275,158,114,7,3,2024-11-30 22:09:00,2024-11-30 22:40:00,18.04,2
276,151,99,12,14,2024-09-30 22:58:00,2024-09-30 23:10:00,6.98,2
277,166,22,8,18,2024-03-31 05:11:00,2024-03-31 05:33:00,12.42,3
278,7,78,7,17,2024-10-10 14:44:00,2024-10-10 15:33:00,12.53,2
279,76,14,8,16,2024-09-29 06:45:00,2024-09-29 07:15:00,8.33,2
280,153,19,17,1,2024-06-30 21:25:00,2024-06-30 22:10:00,19.75,3
281,221,146,14,12,2024-02-18 01:17:00,2024-02-18 01:46:00,11.38,2
282,245,19,1,19,2024-10-04 16:48:00,2024-10-04 17:23:00,2.28,3
283,237,16,13,17,2024-03-19 13:11:00,2024-03-19 13:18:00,6.44,4
284,103,22,18,18,2024-06-03 05:15:00,2024-06-03 06:04:00,12.7,3
285,21,131,7,5,2024-01-31 10:28:00,2024-01-31 10:52:00,11.19,4
286,196,17,10,14,2024-08-01 12:21:00,2024-08-01 13:06:00,14.87,2
287,23,112,4,15,2024-01-22 01:59:00,2024-01-22 02:19:00,12.63,1
288,190,45,4,1,2024-04-22 14:37:00,2024-04-22 15:24:00,14.45,1
289,244,89,17,17,2024-02-29 15:35:00,2024-02-29 16:11:00,15.88,3
290,33,69,4,1,2024-03-01 18:56:00,2024-03-01 19:24:00,7.37,4
291,17,68,19,3,2024-04-09 00:36:00,2024-04-09 01:14:00,10.43,3
292,220,146,6,12,2024-01-21 04:26:00,2024-01-21 05:02:00,3.99,1
293,173,30,8,17,2024-11-21 14:14:00,2024-11-21 14:55:00,1.05,1
294,121,94,13,5,2024-03-30 00:55:00,2024-03-30 01:02:00,4.4,1
295,234,108,8,11,2024-07-20 07:00:00,2024-07-20 07:56:00,5.72,3
296,20,147,12,4,2024-04-08 18:17:00,2024-04-08 19:14:00,10.54,1
297,206,133,2,13,2024-03-06 07:08:00,2024-03-06 07:27:00,2.31,4
298,199,80,11,3,2024-11-11 07:30:00,2024-11-11 07:53:00,11.51,1
299,75,145,10,20,2024-05-14 07:39:00,2024-05-14 07:56:00,5.61,3
300,198,51,18,8,2024-08-03 10:16:00,2024-08-03 10:52:00,3.86,4
301,139,89,1,11,2024-01-09 16:55:00,2024-01-09 17:14:00,1.03,4
302,187,79,4,7,2024-11-05 02:43:00,2024-11-05 03:35:00,11.07,2
303,247,16,5,9,2024-06-01 20:24:00,2024-06-01 21:00:00,2.77,2
304,134,106,12,15,2024-11-22 16:37:00,2024-11-22 17:36:00,19.52,1
305,130,35,13,3,2024-07-30 10:51:00,2024-07-30 11:02:00,12.25,1
306,247,34,8,10,2024-06-07 08:56:00,2024-06-07 09:43:00,5.96,3
307,101,84,11,15,2024-12-03 03:52:00,2024-12-03 04:48:00,6.17,1
308,35,150,4,5,2024-12-09 12:54:00,2024-12-09 13:11:00,3.01,4
309,105,31,18,12,2024-06-18 16:27:00,2024-06-18 16:52:00,19.33,2
310,119,68,4,3,2024-06-13 12:54:00,2024-06-13 13:18:00,3.99,3
311,179,11,7,11,2024-10-27 21:04:00,2024-10-27 21:54:00,3.82,2
312,132,13,10,9,2024-05-09 12:31:00,2024-05-09 13:01:00,16.58,2
313,219,116,18,18,2024-01-12 07:35:00,2024-01-12 08:05:00,5.75,4
314,204,36,4,1,2024-02-07 02:28:00,2024-02-07 03:24:00,2.17,2
315,211,103,12,3,2024-02-17 14:12:00,2024-02-17 14:29:00,12.06,3
316,20,6,3,7,2024-11-30 00:36:00,2024-11-30 01:33:00,18.15,4
317,24,85,4,2,2024-10-21 15:45:00,2024-10-21 15:58:00,18.9,1
318,111,102,16,1,2024-03-02 03:54:00,2024-03-02 04:35:00,8.27,4
319,55,48,9,9,2024-03-03 22:00:00,2024-03-03 22:27:00,9.47,2
320,159,63,10,16,2024-01-13 14:46:00,2024-01-13 15:30:00,8.83,4
321,72,99,5,14,2024-01-23 04:50:00,2024-01-23 05:00:00,4.79,2
322,140,5,13,12,2024-08-17 15:36:00,2024-08-17 16:32:00,10.11,4
323,129,83,13,9,2024-05-05 06:12:00,2024-05-05 06:53:00,4.42,3
324,8,72,2,16,2024-08-05 09:40:00,2024-08-05 09:59:00,11.06,2
325,64,62,9,18,2024-02-28 02:49:00,2024-02-28 03:00:00,16.51,1
326,148,100,12,6,2024-10-05 04:22:00,2024-10-05 04:41:00,4.35,3
327,179,92,19,1,2024-10-20 12:46:00,2024-10-20 13:38:00,14.37,3
328,145,37,19,7,2024-12-10 23:53:00,2024-12-11 00:34:00,16.9,4
329,45,126,2,3,2024-07-16 09:09:00,2024-07-16 09:33:00,2.07,2
330,123,1,11,20,2024-01-08 06:08:00,2024-01-08 06:46:00,4.83,2
331,46,83,2,1,2024-05-04 01:35:00,2024-05-04 02:25:00,3.81,2
332,217,135,12,3,2024-10-08 22:31:00,2024-10-08 22:43:00,8.1,4
333,87,78,11,5,2024-08-01 08:41:00,2024-08-01 08:52:00,19.54,4
334,246,125,11,6,2024-10-15 07:13:00,2024-10-15 07:58:00,14.44,3
335,151,45,13,10,2024-03-22 06:40:00,2024-03-22 07:27:00,14.95,3
336,187,1,19,13,2024-02-16 08:47:00,2024-02-16 09:03:00,17.16,1
337,82,57,19,4,2024-03-07 07:03:00,2024-03-07 07:46:00,18.8,2
338,20,61,12,11,2024-04-30 13:47:00,2024-04-30 14:39:00,4.19,1
339,172,86,15,1,2024-10-26 03:47:00,2024-10-26 04:37:00,6.04,2
340,90,66,4,1,2024-09-09 09:03:00,2024-09-09 09:12:00,1.91,4
341,249,43,14,16,2024-09-23 17:25:00,2024-09-23 17:56:00,17.75,3
342,26,123,19,8,2024-07-17 19:13:00,2024-07-17 19:42:00,4.09,1
343,9,76,1,11,2024-10-17 23:28:00,2024-10-18 00:27:00,5.96,1
344,44,97,6,3,2024-01-28 00:22:00,2024-01-28 00:48:00,11.39,1
345,158,124,1,14,2024-05-03 01:03:00,2024-05-03 01:46:00,18.91,2
346,41,14,4,11,2024-08-09 02:49:00,2024-08-09 03:21:00,4.91,2
347,142,139,9,10,2024-05-29 00:20:00,2024-05-29 01:09:00,6.65,1
348,147,141,16,5,2024-01-19 01:43:00,2024-01-19 02:13:00,2.04,1
349,76,123,7,4,2024-06-04 16:28:00,2024-06-04 16:38:00,1.49,2
350,21,122,4,10,2024-08-20 08:35:00,2024-08-20 08:58:00,15.91,4
351,68,24,18,13,2024-06-27 01:47:00,2024-06-27 02:34:00,4.51,4
352,115,12,9,15,2024-05-14 11:52:00,2024-05-14 12:08:00,9.84,2
353,145,16,5,4,2024-10-31 18:30:00,2024-10-31 18:52:00,2.63,3
354,106,59,18,2,2024-10-21 05:59:00,2024-10-21 06:38:00,16.98,4
355,222,122,19,8,2024-07-13 23:23:00,2024-07-14 00:11:00,10.05,1
356,183,9,17,19,2024-05-23 17:51:00,2024-05-23 18:50:00,18.11,2
357,115,45,6,7,2024-02-13 19:02:00,2024-02-13 19:55:00,16.36,2
358,21,112,7,5,2024-01-16 12:54:00,2024-01-16 13:26:00,16.85,3
359,235,18,3,13,2024-04-26 10:00:00,2024-04-26 10:51:00,11.57,3
360,134,118,1,20,2024-11-07 21:17:00,2024-11-07 21:39:00,12.16,4
361,39,38,19,19,2024-02-10 23:12:00,2024-02-10 23:43:00,12.07,1
362,145,26,10,18,2024-12-02 18:08:00,2024-12-02 18:19:00,17.72,4
363,168,125,19,20,2024-04-06 04:03:00,2024-04-06 04:32:00,9.99,2
364,37,103,2,13,2024-04-10 06:36:00,2024-04-10 07:06:00,17.9,3
365,13,122,9,12,2024-09-08 09:48:00,2024-09-08 10:08:00,1.38,3
366,216,126,4,8,2024-04-23 05:06:00,2024-04-23 05:28:00,3.55,4
367,83,69,14,20,2024-10-08 19:35:00,2024-10-08 20:32:00,13.27,2
368,234,105,16,17,2024-06-09 19:46:00,2024-06-09 20:04:00,17.48,1
369,41,17,10,17,2024-07-06 14:29:00,2024-07-06 15:24:00,8.66,1
370,225,52,2,8,2024-03-04 06:08:00,2024-03-04 06:25:00,1.63,1
371,181,51,9,12,2024-11-30 05:52:00,2024-11-30 06:20:00,16.65,4
372,175,8,8,12,2024-08-19 08:17:00,2024-08-19 08:29:00,10.29,4
373,122,142,12,12,2024-03-05 15:44:00,2024-03-05 16:44:00,4.11,3
374,177,24,10,1,2024-09-29 16:31:00,2024-09-29 17:29:00,8.34,2
375,200,55,8,8,2024-11-06 20:48:00,2024-11-06 21:29:00,13.88,3
376,132,6,1,16,2024-08-25 05:39:00,2024-08-25 06:10:00,18.32,2
377,3,58,9,20,2024-08-06 20:51:00,2024-08-06 21:47:00,16.3,3
378,165,71,14,13,2024-09-16 12:01:00,2024-09-16 12:51:00,17.18,4
379,120,78,17,20,2024-04-01 17:59:00,2024-04-01 18:17:00,8.55,1
380,170,96,18,20,2024-01-03 16:12:00,2024-01-03 16:49:00,12.57,3
381,124,17,11,9,2024-09-06 04:29:00,2024-09-06 04:40:00,13.17,3
382,183,77,7,5,2024-04-05 01:56:00,2024-04-05 02:42:00,10.83,2
383,207,104,11,5,2024-11-23 13:35:00,2024-11-23 13:43:00,14.7,4
384,233,108,13,13,2024-04-17 15:01:00,2024-04-17 15:22:00,15.0,2
385,183,57,18,16,2024-05-04 22:38:00,2024-05-04 23:29:00,18.22,3
386,217,44,18,6,2024-07-03 16:59:00,2024-07-03 17:23:00,6.58,4
387,67,144,6,11,2024-02-16 13:59:00,2024-02-16 14:51:00,13.43,2
388,191,79,14,11,2024-05-09 08:30:00,2024-05-09 08:49:00,8.06,3
389,31,121,2,19,2024-06-17 20:24:00,2024-06-17 21:23:00,12.03,1
390,129,31,13,17,2024-06-20 22:19:00,2024-06-20 22:36:00,6.67,1
391,39,36,7,11,2024-11-13 01:35:00,2024-11-13 02:34:00,8.77,4
392,221,47,3,16,2024-02-22 03:30:00,2024-02-22 03:55:00,7.32,2
393,15,2,15,9,2024-04-24 02:39:00,2024-04-24 03:24:00,4.98,2
394,41,126,3,5,2024-07-28 19:36:00,2024-07-28 20:29:00,12.68,4
395,248,123,13,1,2024-05-26 20:54:00,2024-05-26 21:26:00,1.72,2
396,244,4,11,17,2024-09-23 00:35:00,2024-09-23 01:03:00,4.62,1
397,64,58,12,10,2024-08-16 04:04:00,2024-08-16 04:55:00,3.45,4
398,79,43,3,2,2024-07-02 06:13:00,2024-07-02 06:55:00,6.67,3
399,134,135,11,14,2024-06-14 23:56:00,2024-06-15 00:47:00,17.87,2
400,92,49,6,13,2024-05-04 18:50:00,2024-05-04 19:26:00,1.36,2
401,55,6,19,17,2024-09-21 18:05:00,2024-09-21 18:18:00,4.21,3
402,203,10,13,9,2024-09-15 21:46:00,2024-09-15 22:32:00,15.65,1
403,170,28,1,2,2024-08-04 05:47:00,2024-08-04 05:55:00,14.11,4
404,32,141,9,16,2024-06-10 18:28:00,2024-06-10 18:57:00,14.34,2
405,162,3,10,14,2024-09-10 02:40:00,2024-09-10 03:28:00,13.57,3
406,180,36,14,4,2024-08-14 18:05:00,2024-08-14 18:48:00,10.72,1
407,201,28,16,7,2024-04-12 22:19:00,2024-04-12 22:31:00,12.57,3
408,250,52,12,14,2024-10-29 17:44:00,2024-10-29 18:22:00,6.61,1
409,234,54,16,11,2024-07-18 13:42:00,2024-07-18 14:18:00,5.46,1
410,233,29,19,16,2024-09-01 12:49:00,2024-09-01 12:59:00,3.83,1
411,20,26,9,8,2024-10-10 19:36:00,2024-10-10 20:13:00,9.68,3
412,13,26,6,2,2024-04-06 03:57:00,2024-04-06 04:31:00,17.19,3
413,81,110,4,4,2024-10-18 20:27:00,2024-10-18 21:15:00,17.17,1
414,36,44,11,12,2024-01-04 12:31:00,2024-01-04 13:30:00,18.0,3
415,24,96,11,6,2024-11-15 20:14:00,2024-11-15 21:05:00,3.16,4
416,214,99,16,14,2024-06-15 05:17:00,2024-06-15 05:39:00,13.33,2
417,179,16,6,4,2024-02-11 03:54:00,2024-02-11 04:07:00,8.9,4
418,174,113,6,20,2024-10-19 02:17:00,2024-10-19 02:58:00,8.22,3
419,221,34,16,16,2024-08-10 14:07:00,2024-08-10 14:13:00,3.15,4
420,17,67,11,1,2024-06-09 10:47:00,2024-06-09 10:54:00,14.39,2
421,87,133,17,20,2024-08-31 21:11:00,2024-08-31 22:11:00,2.81,2
422,170,99,5,18,2024-06-24 11:09:00,2024-06-24 11:36:00,17.95,1
423,240,41,17,16,2024-01-05 05:45:00,2024-01-05 06:31:00,17.19,2
424,126,83,8,11,2024-01-28 06:10:00,2024-01-28 07:03:00,19.43,1
425,141,97,13,8,2024-07-03 13:36:00,2024-07-03 13:55:00,2.5,4
426,115,23,16,15,2024-10-18 17:31:00,2024-10-18 18:12:00,7.01,4
427,5,27,13,14,2024-09-28 07:59:00,2024-09-28 08:45:00,1.68,1
428,203,78,17,18,2024-10-27 16:54:00,2024-10-27 17:04:00,4.93,4
429,94,14,8,15,2024-12-12 00:19:00,2024-12-12 00:45:00,7.31,4
430,94,116,4,4,2024-09-17 22:15:00,2024-09-17 23:02:00,15.43,2
431,91,75,18,17,2024-01-01 19:11:00,2024-01-01 19:37:00,8.1,1
432,127,36,14,4,2024-01-17 16:00:00,2024-01-17 16:15:00,5.83,2
433,239,101,7,15,2024-03-09 06:46:00,2024-03-09 06:58:00,16.67,2
434,28,107,2,19,2024-09-17 23:23:00,2024-09-17 23:49:00,3.34,4
435,151,130,5,16,2024-06-15 12:42:00,2024-06-15 13:29:00,1.08,1
436,215,150,16,17,2024-07-20 10:09:00,2024-07-20 10:41:00,15.84,2
437,45,33,4,13,2024-09-08 21:11:00,2024-09-08 21:53:00,13.49,3
438,108,64,9,13,2024-07-02 12:58:00,2024-07-02 13:27:00,19.31,3
439,35,36,14,20,2024-06-13 21:01:00,2024-06-13 21:57:00,14.3,3
440,141,81,18,7,2024-11-02 22:53:00,2024-11-02 23:42:00,4.82,3
441,236,34,6,17,2024-09-06 23:42:00,2024-09-07 00:09:00,11.31,3
442,195,91,18,16,2024-09-15 15:09:00,2024-09-15 15:21:00,12.07,4
443,229,137,10,14,2024-09-02 11:37:00,2024-09-02 12:29:00,16.36,1
444,38,14,2,7,2024-01-10 04:49:00,2024-01-10 05:18:00,6.07,2
445,65,38,2,10,2024-04-14 08:29:00,2024-04-14 09:17:00,4.88,1
446,116,27,20,18,2024-05-10 14:12:00,2024-05-10 15:09:00,17.43,4
447,201,74,2,13,2024-03-27 12:08:00,2024-03-27 12:45:00,8.36,3
448,4,65,7,20,2024-07-20 00:32:00,2024-07-20 00:40:00,17.51,4
449,234,95,19,18,2024-10-29 04:30:00,2024-10-29 04:49:00,15.03,2
450,247,50,10,15,2024-10-09 14:04:00,2024-10-09 14:55:00,4.37,1
451,189,132,4,13,2024-03-09 01:49:00,2024-03-09 02:05:00,1.77,3
452,34,42,19,9,2024-07-21 15:37:00,2024-07-21 15:58:00,1.11,4
453,11,40,11,20,2024-09-15 09:21:00,2024-09-15 09:35:00,1.97,3
454,147,141,12,3,2024-06-27 14:29:00,2024-06-27 15:24:00,15.9,3
455,245,48,17,3,2024-07-10 06:58:00,2024-07-10 07:17:00,15.94,2
456,138,104,3,12,2024-05-31 10:27:00,2024-05-31 11:06:00,5.2,2
457,85,93,10,7,2024-08-29 12:18:00,2024-08-29 12:44:00,19.06,4
458,193,3,4,12,2024-07-23 09:01:00,2024-07-23 09:58:00,9.47,2
459,227,83,13,4,2024-01-15 12:27:00,2024-01-15 13:15:00,8.33,3
460,211,96,17,17,2024-01-09 23:52:00,2024-01-10 00:30:00,9.47,1
461,50,83,17,3,2024-04-17 22:16:00,2024-04-17 23:02:00,19.02,2
462,137,2,3,7,2024-10-08 13:21:00,2024-10-08 14:00:00,13.74,2
463,109,27,7,18,2024-11-10 22:03:00,2024-11-10 22:51:00,16.75,4
464,241,19,5,1,2024-08-23 09:44:00,2024-08-23 10:41:00,9.73,3
465,19,14,6,9,2024-01-14 19:03:00,2024-01-14 19:13:00,11.6,2
466,105,100,15,13,2024-11-27 16:19:00,2024-11-27 16:40:00,9.23,1
467,31,137,1,20,2024-05-21 19:31:00,2024-05-21 20:19:00,2.2,1
468,19,92,17,4,2024-09-12 04:24:00,2024-09-12 05:23:00,6.51,3
469,73,113,13,13,2024-08-08 20:15:00,2024-08-08 20:25:00,16.62,1
470,137,57,5,13,2024-06-21 13:46:00,2024-06-21 14:01:00,16.14,3
471,77,96,1,18,2024-08-18 20:22:00,2024-08-18 20:36:00,17.62,2
472,2,147,20,13,2024-02-14 20:50:00,2024-02-14 20:57:00,11.21,1
473,192,89,7,14,2024-04-20 22:25:00,2024-04-20 22:43:00,18.21,2
474,57,65,7,4,2024-02-28 14:26:00,2024-02-28 14:42:00,4.45,1
475,239,141,15,18,2024-11-05 23:32:00,2024-11-06 00:25:00,2.39,1
476,51,149,16,11,2024-04-01 06:32:00,2024-04-01 06:43:00,7.79,2
477,159,18,7,11,2024-02-06 10:12:00,2024-02-06 10:35:00,10.23,3
478,79,150,5,19,2024-08-12 09:40:00,2024-08-12 10:27:00,11.77,3
479,2,81,8,8,2024-06-04 22:36:00,2024-06-04 22:51:00,14.53,4
480,93,35,11,16,2024-04-10 17:39:00,2024-04-10 18:37:00,9.79,3
481,125,142,4,6,2024-10-09 02:01:00,2024-10-09 02:25:00,13.27,1
482,220,36,18,7,2024-11-02 11:41:00,2024-11-02 12:03:00,6.0,1
483,229,5,17,1,2024-09-21 20:20:00,2024-09-21 20:29:00,16.44,4
484,55,10,18,9,2024-10-07 01:22:00,2024-10-07 02:04:00,11.33,4
485,39,94,13,8,2024-08-26 01:56:00,2024-08-26 02:50:00,17.94,3
486,129,131,3,13,2024-02-18 17:52:00,2024-02-18 18:26:00,7.91,1
487,218,43,17,5,2024-08-29 06:34:00,2024-08-29 06:54:00,9.48,2
488,169,38,16,12,2024-07-25 04:54:00,2024-07-25 05:35:00,1.77,4
489,68,95,8,2,2024-03-25 09:03:00,2024-03-25 09:12:00,13.7,3
490,235,117,2,2,2024-05-21 07:12:00,2024-05-21 07:47:00,19.63,3
491,248,134,9,9,2024-02-07 13:59:00,2024-02-07 14:49:00,11.99,2
492,97,94,19,3,2024-05-17 03:18:00,2024-05-17 04:04:00,10.82,4
493,133,104,12,12,2024-11-26 07:36:00,2024-11-26 07:55:00,10.25,4
494,2,129,5,15,2024-11-19 00:13:00,2024-11-19 00:56:00,4.15,1
495,72,55,5,6,2024-07-06 08:07:00,2024-07-06 08:53:00,3.99,1
496,107,85,4,16,2024-08-28 16:51:00,2024-08-28 17:10:00,13.83,4
497,42,106,1,8,2024-03-17 17:09:00,2024-03-17 17:51:00,1.82,2
498,132,11,19,5,2024-02-19 01:14:00,2024-02-19 01:59:00,2.06,3
499,133,104,20,19,2024-12-01 20:27:00,2024-12-01 20:43:00,13.11,3
500,56,115,20,16,2024-12-10 21:13:00,2024-12-10 21:23:00,17.48,2
